AREA_NAME,ASSAULT_2014,ASSAULT_2015,ASSAULT_2016,ASSAULT_2017,ASSAULT_2018,ASSAULT_2019,ASSAULT_2020,ASSAULT_2021,ASSAULT_2022,ASSAULT_2023,ASSAULT_RATE_2014,ASSAULT_RATE_2015,ASSAULT_RATE_2016,ASSAULT_RATE_2017,ASSAULT_RATE_2018,ASSAULT_RATE_2019,ASSAULT_RATE_2020,ASSAULT_RATE_2021,ASSAULT_RATE_2022,ASSAULT_RATE_2023,AUTOTHEFT_2014,AUTOTHEFT_2015,AUTOTHEFT_2016,AUTOTHEFT_2017,AUTOTHEFT_2018,AUTOTHEFT_2019,AUTOTHEFT_2020,AUTOTHEFT_2021,AUTOTHEFT_2022,AUTOTHEFT_2023,AUTOTHEFT_RATE_2014,AUTOTHEFT_RATE_2015,AUTOTHEFT_RATE_2016,AUTOTHEFT_RATE_2017,AUTOTHEFT_RATE_2018,AUTOTHEFT_RATE_2019,AUTOTHEFT_RATE_2020,AUTOTHEFT_RATE_2021,AUTOTHEFT_RATE_2022,AUTOTHEFT_RATE_2023,BIKETHEFT_2014,BIKETHEFT_2015,BIKETHEFT_2016,BIKETHEFT_2017,BIKETHEFT_2018,BIKETHEFT_2019,BIKETHEFT_2020,BIKETHEFT_2021,BIKETHEFT_2022,BIKETHEFT_2023,BIKETHEFT_RATE_2014,BIKETHEFT_RATE_2015,BIKETHEFT_RATE_2016,BIKETHEFT_RATE_2017,BIKETHEFT_RATE_2018,BIKETHEFT_RATE_2019,BIKETHEFT_RATE_2020,BIKETHEFT_RATE_2021,BIKETHEFT_RATE_2022,BIKETHEFT_RATE_2023,BREAKENTER_2014,BREAKENTER_2015,BREAKENTER_2016,BREAKENTER_2017,BREAKENTER_2018,BREAKENTER_2019,BREAKENTER_2020,BREAKENTER_2021,BREAKENTER_2022,BREAKENTER_2023,BREAKENTER_RATE_2014,BREAKENTER_RATE_2015,BREAKENTER_RATE_2016,BREAKENTER_RATE_2017,BREAKENTER_RATE_2018,BREAKENTER_RATE_2019,BREAKENTER_RATE_2020,BREAKENTER_RATE_2021,BREAKENTER_RATE_2022,BREAKENTER_RATE_2023,HOMICIDE_2014,HOMICIDE_2015,HOMICIDE_2016,HOMICIDE_2017,HOMICIDE_2018,HOMICIDE_2019,HOMICIDE_2020,HOMICIDE_2021,HOMICIDE_2022,HOMICIDE_2023,HOMICIDE_RATE_2014,HOMICIDE_RATE_2015,HOMICIDE_RATE_2016,HOMICIDE_RATE_2017,HOMICIDE_RATE_2018,HOMICIDE_RATE_2019,HOMICIDE_RATE_2020,HOMICIDE_RATE_2021,HOMICIDE_RATE_2022,HOMICIDE_RATE_2023,ROBBERY_2014,ROBBERY_2015,ROBBERY_2016,ROBBERY_2017,ROBBERY_2018,ROBBERY_2019,ROBBERY_2020,ROBBERY_2021,ROBBERY_2022,ROBBERY_2023,ROBBERY_RATE_2014,ROBBERY_RATE_2015,ROBBERY_RATE_2016,ROBBERY_RATE_2017,ROBBERY_RATE_2018,ROBBERY_RATE_2019,ROBBERY_RATE_2020,ROBBERY_RATE_2021,ROBBERY_RATE_2022,ROBBERY_RATE_2023,SHOOTING_2014,SHOOTING_2015,SHOOTING_2016,SHOOTING_2017,SHOOTING_2018,SHOOTING_2019,SHOOTING_2020,SHOOTING_2021,SHOOTING_2022,SHOOTING_2023,SHOOTING_RATE_2014,SHOOTING_RATE_2015,SHOOTING_RATE_2016,SHOOTING_RATE_2017,SHOOTING_RATE_2018,SHOOTING_RATE_2019,SHOOTING_RATE_2020,SHOOTING_RATE_2021,SHOOTING_RATE_2022,SHOOTING_RATE_2023,THEFTFROMMV_2014,THEFTFROMMV_2015,THEFTFROMMV_2016,THEFTFROMMV_2017,THEFTFROMMV_2018,THEFTFROMMV_2019,THEFTFROMMV_2020,THEFTFROMMV_2021,THEFTFROMMV_2022,THEFTFROMMV_2023,THEFTFROMMV_RATE_2014,THEFTFROMMV_RATE_2015,THEFTFROMMV_RATE_2016,THEFTFROMMV_RATE_2017,THEFTFROMMV_RATE_2018,THEFTFROMMV_RATE_2019,THEFTFROMMV_RATE_2020,THEFTFROMMV_RATE_2021,THEFTFROMMV_RATE_2022,THEFTFROMMV_RATE_2023,THEFTOVER_2014,THEFTOVER_2015,THEFTOVER_2016,THEFTOVER_2017,THEFTOVER_2018,THEFTOVER_2019,THEFTOVER_2020,THEFTOVER_2021,THEFTOVER_2022,THEFTOVER_2023,THEFTOVER_RATE_2014,THEFTOVER_RATE_2015,THEFTOVER_RATE_2016,THEFTOVER_RATE_2017,THEFTOVER_RATE_2018,THEFTOVER_RATE_2019,THEFTOVER_RATE_2020,THEFTOVER_RATE_2021,THEFTOVER_RATE_2022,THEFTOVER_RATE_2023
Yonge-Bay Corridor,394,524,487,603,576,660,383,323,443,543,3817.829346,4789.324707,4208.070313,4995.443848,4575.786621,5048.573242,2842.933594,2343.636719,3116.864746,3686.104248,12,20,20,14,27,38,14,17,29,46,116.279068,182.798645,172.81604,115.9804459,214.4899902,290.6754456,103.9192429,123.3492966,204.038559,312.2666626,223,156,202,215,267,219,173,169,230,228,2160.852783,1425.829468,1745.442017,1781.128296,2121.067627,1675.208496,1284.144897,1226.237061,1561.333243,1547.75647,69,115,61,125,100,119,149,112,123,108,668.6046753,1051.092163,527.0889282,1035.539673,794.4073486,910.2730713,1105.997681,812.6541748,865.4049072,733.1477661,1,2,0,0,1,2,0,1,1,1,9.689922333,18.27986526,0,0,7.9440736770000004,15.29870701,0,7.255840778,7.035812378,6.788405418,73,52,74,88,88,63,55,51,55,62,707.3643188,475.2764893,639.4193115,729.0199585,699.0784912,481.9092712,408.2541504,370.0478821,386.9696655,420.881134,1,3,0,3,4,4,2,0,1,2,9.689922333,27.4197979,0,24.85295296,31.77629471,30.59741402,14.84560585,0,7.035812378,13.57681084,121,103,79,89,113,171,135,64,107,76,1172.480591,941.4130249,682.6233521,737.3042603,897.6803589,1308.039429,1002.078369,464.3738098,726.3593782,515.9188232,37,30,27,35,44,63,35,26,51,51,358.5271301,274.1979675,233.301651,289.9511108,349.5392456,481.9092712,259.7980957,188.6518707,358.826416,346.2086792
Oakdale-Beverley Heights,221,232,230,278,302,295,235,293,310,447,1086.689331,1144.153442,1135.80249,1355.039917,1450.876831,1400.759766,1111.741943,1388.428223,1458.480347,2078.779785,66,70,51,53,77,93,103,115,107,161,324.5316467,345.2187195,251.8518524,258.3349609,369.9255371,441.5954285,487.2741089,544.946228,503.4109497,748.7327271,5,8,7,1,7,8,11,9,14,12,24.5857296,39.4535675,34.56790161,4.87424469,33.6295929,37.98670578,52.03898239,42.64796448,65.10719434,55.8061676,57,43,24,32,44,80,44,63,50,89,280.2773132,212.0629272,118.5185165,155.9758301,211.3860168,379.8670349,208.1559296,298.5357666,235.2387695,413.8957214,0,0,1,2,0,1,0,0,2,1,0,0,4.938271523,9.74848938,0,4.748338223,0,0,9.409550667,4.650513649,41,39,36,49,38,41,50,29,39,30,201.6029968,192.3361511,177.777771,238.8379822,182.5606537,194.6818542,236.5408325,137.4212189,183.4862366,139.5154114,4,4,4,6,7,3,5,9,7,6,19.66858482,19.72678375,19.75308609,29.24546623,33.6295929,14.24501419,23.65408325,42.64796448,32.9334259,27.9030838,75,41,43,62,117,119,158,113,106,73,368.7859497,202.1995392,212.3456726,302.2031555,562.0946655,565.0522461,747.4689941,535.4688721,492.9544715,339.4875183,10,4,8,9,11,7,14,18,19,23,49.1714592,19.72678375,39.50617218,43.86820221,52.84650421,33.23836517,66.23143005,85.29592896,89.39073181,106.9618225
Fenside-Parkwoods,106,101,120,96,90,104,112,84,103,130,494.264679,472.8907166,562.9309692,444.0127563,409.9107361,467.7310486,501.0961609,375.956665,457.4524841,567.4625854,19,16,17,29,10,21,21,33,37,40,88.59461212,74.91338348,79.74855804,134.1288605,45.54563522,94.44569397,93.95552826,147.6972656,164.3275909,174.6038666,1,4,8,8,2,4,2,5,3,7,4.662874222,18.72834587,37.5287323,37.0010643,9.109127045,17.98965645,8.948145866,22.3783741,13.09529006,30.55567741,45,35,24,31,44,34,24,20,11,20,209.8293457,163.8730164,112.5861969,143.3791199,200.4008026,152.9120789,107.3777466,89.5134964,48.85414886,87.30193329,0,0,0,0,1,1,0,1,0,1,0,0,0,0,4.554563522,4.497414112,0,4.475674629,0,4.365096569,5,17,22,28,16,24,5,8,9,14,23.31437111,79.59546661,103.2040176,129.5037231,72.87301636,107.9379349,22.37036324,35.80539703,39.97157669,61.11135483,0,2,2,5,1,1,3,2,3,1,0,9.364172935,9.382183075,23.12566566,4.554563522,4.497414112,13.42221832,8.951349258,13.32385826,4.365096569,55,53,44,53,24,74,49,45,59,38,256.4580688,248.1505737,206.4080353,245.1320496,109.3095245,332.8086243,219.2295685,201.405365,257.5407045,165.8736725,5,3,2,5,3,2,1,4,2,7,23.31437111,14.04625893,9.382183075,23.12566566,13.66369057,8.994828224,4.474072933,17.90269852,8.882572174,30.55567741
West Rouge,84,60,61,90,86,75,66,66,62,70,399.4293823,285.6598816,290.3379211,422.773407,397.6143188,342.2625732,299.8500671,299.9182129,279.7202759,312.5558167,30,29,7,8,14,32,20,38,67,99,142.6533508,138.0689392,33.31746674,37.57985687,64.7279129,146.0320282,90.86366272,172.6801758,302.2783813,442.0432129,7,4,12,7,20,8,7,3,4,4,33.28578186,19.04399109,57.11565781,32.88237381,92.46844482,36.50800705,31.80228043,13.63264561,17.8603322,17.86033249,36,33,34,41,36,23,19,22,22,26,171.184021,157.1129303,161.8276978,192.5967712,166.4432068,104.9605255,86.32047272,99.97273254,99.25558472,116.0921631,0,0,0,0,0,0,1,1,0,1,0,0,0,0,0,0,4.54318285,4.544215202,0,4.465083122,12,9,9,20,14,23,26,7,14,22,57.06134033,42.84897995,42.83674622,93.949646,64.7279129,104.9605255,118.12275699999999,31.80950737,63.16264343,98.23182678,0,1,1,0,1,3,2,6,3,3,0,4.760997772,4.759638309,0,4.623422146,13.69050312,9.0863657,27.26529121,13.53485203,13.39524937,66,30,41,65,56,40,53,31,57,47,313.8373718,142.8299408,195.1451721,305.3363342,258.9116516,182.5400391,240.7886963,140.8706665,254.5097339,209.858902,3,2,3,5,5,4,3,4,4,4,14.26533508,9.521995544,14.27891445,23.4874115,23.11711121,18.25400352,13.62954903,18.17686081,18.04646873,17.86033249
Woburn North,148,170,173,178,177,210,181,178,183,186,530.6942139,610.8955078,622.1455078,631.8554688,619.4225464,726.5430298,623.2352905,614.725769,627.3568726,630.5084839,26,16,22,22,24,40,63,56,107,103,93.23006439,57.49604797,79.11676788,78.09449768,83.98950195,138.3891449,216.9272156,193.3968811,366.8152161,349.1525574,5,3,2,8,5,4,0,4,9,13,17.9288578,10.780509,7.192433357,28.39799881,17.49781227,13.83891487,0,13.81406307,30.50847458,44.0677948,65,88,42,38,61,60,25,28,35,44,233.0751648,316.2282715,151.0411072,134.8904877,213.4733124,207.583725,86.08222198,96.69844055,119.98629,149.1525421,1,0,0,0,0,0,1,0,2,2,3.585771561,0,0,0,0,0,3.443289042,0,6.856359482,6.779661179,42,38,33,52,36,19,26,10,23,22,150.602417,136.5531158,118.6751556,184.5869904,125.9842529,65.73484802,89.5255127,34.53515625,78.84812927,74.57627106,1,3,2,4,4,2,2,7,7,4,3.585771561,10.780509,7.192433357,14.1989994,13.99825001,6.919457436,6.886578083,24.17461014,23.99725723,13.55932236,61,59,55,67,81,99,80,78,104,92,218.7320709,212.0166779,197.7919159,237.8332367,283.4645691,342.5131531,275.4631348,269.3742371,352.5423729,311.8644104,8,8,9,13,10,4,13,8,12,9,28.68617249,28.74802399,32.36595154,46.14674759,34.99562454,13.83891487,44.76275635,27.62812614,41.13815689,30.50847435
Golfdale-Cedarbrae-Woburn,207,227,195,228,200,226,168,185,198,193,765.5042114,842.7696533,725.3924561,836.758667,722.2041626,806.0202026,596.3579712,656.9135742,698.3880615,673.6239624,22,19,10,26,35,21,37,50,75,78,81.35794067,70.54019165,37.19961166,95.41984558,126.3857269,74.89568329,131.340744,177.5442047,264.5409241,272.2418213,7,4,15,10,3,2,3,2,2,8,25.88661575,14.85056591,55.7994194,36.69993973,10.83306217,7.132922173,10.64924908,7.101768494,6.980559143,27.9222374,55,58,38,48,38,40,40,27,29,24,203.3948517,215.3332062,141.3585358,176.1597137,137.2187958,142.6584473,141.9899902,95.87387085,102.2891617,83.76670837,2,3,1,0,0,0,1,2,1,1,7.396176338,11.13792419,3.719961405,0,0,0,3.549749851,7.101768494,3.527212381,3.490279675,43,53,38,74,41,47,28,21,16,32,159.0177917,196.7700043,141.3585358,271.5795593,148.0518494,167.6236725,99.39299011,74.56856537,56.4353981,111.6889496,1,3,2,3,8,11,12,13,7,3,3.698088169,11.13792419,7.43992281,11.00998211,28.88816643,39.23107147,42.59699631,46.16149521,24.69048691,10.47083855,36,56,49,48,68,62,64,61,105,76,133.1311646,207.9079285,182.2781067,176.1597137,245.5494232,221.120575,227.1839905,216.6039276,366.479355,265.261261,3,5,5,10,4,4,4,5,7,9,11.09426403,18.56320763,18.59980583,36.69993973,14.44408321,14.26584435,14.1989994,17.75442123,24.69048691,31.41251564
Eglinton East,185,178,205,204,185,197,146,161,174,168,801.6640015,775.0925293,894.7276611,880.0690308,786.3640137,828.392395,611.6464233,675.5339355,726.1194458,693.3267212,19,21,22,29,11,27,33,42,44,49,82.33306122,91.44350433,96.01955414,125.1078491,46.75677872,113.5360184,138.2488403,176.2262421,183.6164093,202.2202911,1,3,2,5,1,5,11,2,7,16,4.33331871,13.06335735,8.729050636,21.57032013,4.25061655,21.02518845,46.08295059,8.39172554,28.88861376,66.0311203,41,76,65,56,45,58,23,30,39,53,177.6660767,330.938385,283.6941223,241.5875702,191.2777405,243.8921814,96.35525513,125.875885,162.7509003,218.7280731,0,0,0,1,1,2,2,3,1,1,0,0,0,4.314064026,4.25061655,8.410075188,8.378718376,12.58758831,4.173099995,4.126945019,66,46,43,37,35,29,21,16,25,33,285.999054,200.3048096,187.6745758,159.6203613,148.7715759,121.9460907,87.97653961,67.13380432,104.327507,136.1891785,4,2,3,11,2,6,11,8,6,3,17.33327484,8.70890522,13.09357548,47.45470047,8.501233101,25.23022652,46.08295059,33.56690216,25.03860092,12.38083458,29,48,42,53,67,63,92,50,104,98,125.6662445,209.0137177,183.3100586,228.6453857,284.7912903,264.9173584,385.4210205,209.7931366,429.2022616,404.4405823,8,3,6,1,6,8,8,1,9,8,34.66654968,13.06335735,26.18715096,4.314064026,25.50369835,33.64030075,33.5148735,4.19586277,37.55790329,33.01556015
West Hill,348,395,422,401,422,439,336,328,382,443,1262.33313,1429.346802,1520.611084,1429.488037,1482.574463,1525.629883,1164.281494,1139.324097,1319.926758,1514.064087,22,18,15,31,27,46,55,74,60,81,79.80267334,65.13479614,54.05015945,110.5090561,94.85665894,159.8609924,190.5817871,257.0426331,207.3183441,276.8378906,16,16,25,13,7,12,11,18,17,15,58.03830338,57.89759445,90.08359528,46.34250641,24.59246826,41.7028656,38.11635971,62.52388,58.10178065,51.26627731,89,66,72,87,103,77,57,71,45,54,322.8380737,238.8275757,259.4407654,310.1383057,361.8605957,267.5933838,197.5120392,246.6219788,155.4887543,184.5585938,0,2,0,0,1,2,2,0,1,2,0,7.237199306,0,0,3.513209581,6.950478077,6.93024683,0,3.455305576,6.835503578,63,64,77,65,50,72,36,43,63,56,228.5258331,231.5903778,277.457489,231.7125397,175.6604767,250.2172089,124.7444458,149.3626099,217.6842499,191.394104,0,1,6,3,5,9,7,5,7,11,0,3.618599653,21.62006378,10.69442463,17.56604767,31.27715111,24.2558651,17.36774445,24.18713951,37.59526825,59,67,64,110,77,57,128,141,148,146,214.0162506,242.446167,230.6140137,392.1289063,270.5171509,198.088623,443.5357971,489.7703857,505.8272668,498.9917603,7,6,8,10,5,4,9,4,13,20,25.39175797,21.71159744,28.82675171,35.64808273,17.56604767,13.90095615,31.18611145,13.89419556,44.91897202,68.35503387
Dorset Park,135,167,196,195,201,165,129,141,187,218,539.6762085,667.2793579,780.3479614,767.8676758,781.432251,635.2995605,495.3916931,543.1223755,716.6672974,829.3388062,51,42,44,41,82,61,73,49,69,98,203.8776703,167.8187561,175.1801605,161.4490967,318.7932434,234.8683167,280.3379517,188.7446594,264.4387512,372.8220215,5,4,3,4,2,1,3,8,15,15,19.98800659,15.98273849,11.94410133,15.75113201,7.775444984,3.850300312,11.52073765,30.81545448,57.06459712,57.06459808,91,84,71,88,66,57,72,38,73,66,363.7817383,335.6375122,282.677063,346.5249023,256.5896912,219.4671173,276.4976807,146.3734131,279.7685242,251.0842285,1,0,0,1,0,2,0,3,0,4,3.997601509,0,0,3.937783003,0,7.700600624,0,11.55579567,0,15.21722603,33,37,58,35,35,38,25,17,30,30,131.9208527,147.840332,230.9192963,137.822403,136.0702972,146.3114166,96.00614166,65.48284149,114.9733658,114.1291962,1,4,10,7,8,7,6,6,5,2,3.997601509,15.98273849,39.81367111,27.56448174,31.10177994,26.95210266,23.0414753,23.11159134,19.16222763,7.608613014,77,101,67,59,63,78,113,92,80,97,307.8153076,403.5641479,266.7516174,232.3291931,244.9265289,300.3234253,433.9477844,354.3777161,304.344518,369.0177307,6,10,12,4,15,8,5,4,8,24,23.98560905,39.95684814,47.77640533,15.75113201,58.31583786,30.8024025,19.2012291,15.40772724,30.65956306,91.30335236
Cliffcrest,81,99,110,119,138,136,110,98,134,183,499.3218994,610.5834351,677.7990112,720.4698486,818.0201416,793.0029297,635.5809937,564.1261597,762.6202393,1021.09137,19,13,11,18,23,19,19,31,42,60,117.1248932,80.17762756,67.7798996,108.9786301,136.3366852,110.7871704,109.7821655,178.4480743,239.0302277,334.7840576,6,2,7,9,1,4,5,2,3,3,36.98680878,12.33501911,43.13266373,54.48931503,5.9276824,23.32361603,28.89004517,11.51277924,16.73920321,16.7392025,42,58,59,36,53,46,36,30,21,24,258.9076538,357.7155457,363.5467224,217.9572601,314.1671753,268.2215881,208.008316,172.6916809,119.5151138,133.91362,0,1,0,0,1,1,0,1,0,1,0,6.167509556,0,0,5.9276824,5.830904007,0,5.756389618,0,5.579734325,29,22,25,34,15,29,23,13,14,13,178.769577,135.6852112,154.0452271,205.848526,88.91523743,169.0962067,132.8942108,74.83306122,79.67674255,72.5365448,0,2,0,0,2,1,1,0,4,4,0,12.33501911,0,0,11.8553648,5.830904007,5.778008938,0,22.76478195,22.3189373,39,56,63,71,65,107,88,73,78,49,240.4142456,345.3805237,388.1939697,429.8601379,385.2993469,623.9066772,508.4647827,420.2164307,435.2192836,273.4069824,4,5,3,7,3,3,9,3,5,2,24.65787125,30.8375473,18.48542786,42.38057709,17.78304672,17.49271202,52.00207901,17.26916885,28.45597839,11.15946865
Downtown Yonge East,343,398,357,475,503,620,508,599,543,656,2594.75,3026.846191,2722.696777,3436.053223,3452.536133,4050.698975,3184.354004,3633.606201,3168.952393,3639.793701,27,19,17,14,48,43,25,45,43,45,204.2514496,144.4976807,129.6522217,101.2731476,329.4666748,280.9355774,156.7103424,272.9754333,250.948349,249.6809692,158,129,117,161,188,172,102,165,177,205,1195.249268,981.0631714,892.3123779,1164.641235,1290.411133,1123.74231,639.3781738,1000.909912,982.0784553,1137.435547,88,82,85,112,123,181,144,161,110,118,665.7084351,623.621582,648.2611084,810.1851807,844.2583618,1182.542847,902.6515503,976.6454468,641.9608765,654.7189941,1,2,1,0,2,0,1,0,0,2,7.564868927,15.21028233,7.626601696,0,13.72777843,0,6.268413544,0,0,11.09693146,89,101,100,122,143,115,86,96,76,90,673.2733154,768.1192627,762.6601563,882.5231323,981.5361328,751.3393555,539.0835571,582.3475952,443.5366211,499.3619385,0,4,3,0,2,5,4,7,3,5,0,30.42056465,22.87980461,0,13.72777843,32.66692734,25.07365417,42.46284485,17.50802422,27.74232864,193,158,143,227,182,254,192,118,81,113,1460.019653,1201.612305,1090.604004,1642.071777,1249.227783,1659.47998,1203.5354,715.8022461,449.4257338,626.9766235,23,11,30,20,20,20,24,26,19,25,173.9919739,83.65655518,228.7980499,144.6759186,137.2777863,130.6677094,150.441925,157.7191315,110.8841553,138.7116394
Church-Wellesley,223,206,296,308,362,350,306,399,385,334,1265.032959,1136.489014,1585.940796,1592.307251,1803.956787,1687.641602,1438.443115,1841.425171,1730.725952,1456.098999,11,10,8,17,26,17,8,33,16,37,62.40072632,55.16936874,42.86326599,87.88709259,129.5659485,81.97116852,37.60635376,152.2983246,71.92627716,161.3043823,89,105,97,129,92,120,109,98,86,102,504.8786011,579.2783813,519.7171021,666.9078979,458.4641418,578.6199951,512.3865967,452.2798462,374.9237074,444.6769409,61,73,62,87,79,128,98,87,73,76,346.0404053,402.7363892,332.1903076,449.775116,393.6811829,617.1946411,460.6778564,401.5137634,328.1636353,331.3279419,0,2,3,1,1,1,0,0,1,1,0,11.03387356,16.07372475,5.169828892,4.983305931,4.821833134,0,0,4.495392323,4.359578133,41,38,51,44,54,48,57,41,43,55,232.5845184,209.6436005,273.2533264,227.4724731,269.0985107,231.447998,267.945282,189.2191315,193.3018646,239.7767944,0,1,1,0,0,1,1,2,2,1,0,5.516936779,5.357908249,0,0,4.821833134,4.70079422,9.230200768,8.990784645,4.359578133,99,68,67,54,53,92,64,54,53,78,561.6065063,375.1517029,358.9798584,279.1707458,264.1152039,443.6086731,300.8508301,249.2154388,231.0576336,340.0470886,10,5,12,10,21,21,19,21,20,26,56.72793198,27.58468437,64.29489899,51.69828796,104.6494217,101.2584991,89.31509399,96.91711426,89.90784454,113.3490295
Harbourfront-CityPlace,131,144,144,182,149,185,224,283,266,271,565.0692139,576.7151489,537.6745605,659.5397949,523.965271,633.7786865,752.3342285,938.7335205,863.4681396,860.946106,14,14,10,20,9,14,21,27,27,34,60.38908005,56.06952667,37.33851242,72.47689819,31.64890862,47.96163177,70.53133392,89.5611496,87.64526367,108.0153732,66,73,123,153,129,129,77,93,93,88,284.6913757,292.3625183,459.2636719,554.4482422,453.6343384,441.9321594,258.6148987,308.4884033,295.4538234,279.5692139,27,64,38,63,81,82,75,54,58,77,116.464653,256.3178406,141.8863373,228.3022308,284.8401794,280.9181213,251.8976288,179.1222992,188.2750092,244.6230621,0,0,0,0,0,0,2,0,0,1,0,0,0,0,0,0,6.717269897,0,0,3.176922798,11,7,15,16,26,20,16,23,33,22,47.44856262,28.03476334,56.00776672,57.98151779,91.43017578,68.51661682,53.73815918,76.29283142,107.1219864,69.89230347,1,1,0,1,6,2,5,6,3,3,4.31350565,4.004966259,0,3.623844862,21.09927177,6.851661682,16.79317474,19.90247726,9.738362312,9.530768394,90,93,69,71,64,40,50,51,60,90,388.2155151,372.461853,257.6357117,257.2929993,225.0588989,137.0332336,167.9317474,169.1710663,190.61537,285.9230652,12,15,23,12,19,20,14,9,15,15,51.76206589,60.07449341,85.87857819,43.48613739,66.81436157,68.51661682,47.02088928,29.8537159,48.69181442,47.65384293
Wellington Place,449,515,559,531,489,425,320,375,474,429,3034.604004,3099.981934,3028.661133,2638.509277,2241.063232,1810.899536,1280,1424.772095,1698.742065,1485.971558,28,20,25,29,40,33,40,48,73,71,189.2403412,120.3876495,135.4499664,144.0993805,183.3180542,140.6110229,160,182.3708191,261.6206055,245.9300385,109,97,164,168,186,144,117,106,115,80,736.6856079,583.8800659,888.5517578,834.7825928,852.4289551,613.5753784,468,402.7355652,398.3373744,277.104248,77,76,114,130,176,156,180,149,128,141,520.4109497,457.473053,617.6518555,645.9627075,806.5994263,664.706604,720,566.109436,458.7320251,488.3962708,1,1,0,1,1,1,1,1,2,1,6.758583546,6.019382477,0,4.968944073,4.582951546,4.260940075,4,3.799391985,7.167687893,3.463803291,32,40,47,52,53,51,24,26,63,46,216.2746735,240.7752991,254.6459351,258.3851013,242.8964233,217.3079376,96,98.78419495,225.7821808,159.3349457,3,6,3,11,9,8,2,6,8,6,20.27575111,36.116294860000004,16.2539959,54.65838623,41.24656296,34.0875206,8,22.79635239,28.67075157,20.78281975,212,149,84,110,102,110,145,106,79,92,1432.819702,896.8880005,455.1118774,546.5838623,467.4610596,468.7033997,580,402.7355652,273.6404572,318.6698914,19,15,20,20,24,29,25,21,22,32,128.4130859,90.29073334,108.3599701,99.37888336,109.9908371,123.5672607,100,79.78723145,78.84456635,110.8417053
Fort York-Liberty Village,97,112,99,99,130,125,93,153,164,167,646.1928101,671.3018188,538.6289673,522.0692749,664.31604,621.1488647,452.2906189,734.2355347,768.9422607,763.9524536,10,15,14,10,13,19,16,14,16,23,66.61781311,89.90649414,76.1697464,52.734272,66.43160248,94.41462708,77.81344604,67.18495178,75.01875305,105.215004,40,71,60,76,102,120,66,54,32,43,266.4712524,425.5574341,326.4417725,400.7804565,521.2325439,596.3029175,320.9804382,259.1419373,146.3860933,196.7063141,33,37,28,58,43,83,46,41,28,33,219.8387909,221.7693634,152.3394928,305.8587646,219.7352905,412.4428406,223.7136536,196.7559204,131.2828217,150.9606628,0,2,0,0,1,0,0,0,0,2,0,11.98753262,0,0,5.110123158,0,0,0,0,9.149130821,9,7,4,2,5,8,14,7,10,7,59.9560318,41.95636368,21.76278496,10.54685402,25.55061531,39.75352859,68.08676147,33.59247589,46.88672256,32.0219574,1,2,1,0,3,1,1,2,4,1,6.661781311,11.98753262,5.440696239,0,15.330369,4.969191074,4.863340378,9.597849846,18.754688260000002,4.574565411,41,57,24,39,32,47,44,38,30,37,273.1330261,341.6446838,130.5767212,205.6636658,163.523941,233.5519714,213.986969,182.3591461,137.2369625,169.2589264,11,14,11,8,8,12,4,17,15,12,73.27959442,83.91272736,59.84766006,42.18741608,40.88098526,59.63029099,19.45336151,81.58172607,70.33008575,54.89478683
Mimico-Queensway,148,128,166,262,413,230,205,268,343,519,871.5109863,745.6165771,953.1465454,1488.044556,2311.265381,1273.039185,1130.722534,1480.744751,1885.029663,2834.052246,28,26,28,22,13,41,34,32,63,69,164.8804626,151.4533691,160.771698,124.9503021,72.75169373,226.933075,187.5344696,176.8053436,346.22995,376.7815247,18,19,6,22,40,23,9,18,25,5,105.9945831,110.6774597,34.45108032,124.9503021,223.8513641,127.3039246,49.64147949,99.45301056,136.515044,27.30300903,42,46,33,43,36,46,34,25,47,34,247.320694,267.9559631,189.4809418,244.2210541,201.4662323,254.6078491,187.5344696,138.1291809,258.2985229,185.6604614,0,0,1,1,0,0,1,0,0,1,0,0,5.741846561,5.679559231,0,0,5.515719891,0,0,5.460601807,9,13,9,17,14,7,3,8,16,8,52.99729156,75.72668457,51.67662048,96.55250549,78.34797668,38.74467087,16.54715919,44.20133591,87.93141174,43.68481445,0,1,1,1,1,1,1,2,1,2,0,5.825129509,5.741846561,5.679559231,5.596283913,5.534953117,5.515719891,11.05033398,5.495713234,10.92120361,69,48,37,43,42,73,47,35,64,54,406.312561,279.6062317,212.4483185,244.2210541,235.0439301,404.0515747,259.23883060000003,193.3808441,349.4785125,294.8724976,4,9,7,5,6,14,8,7,11,25,23.55435181,52.42616653,40.1929245,28.39779663,33.57770538,77.48934174,44.12575912,38.67617035,60.45284653,136.5150452
Etobicoke City Centre,144,159,130,135,155,137,142,156,205,308,740.1696167,784.1010132,614.947937,618.1884766,686.6610718,589.1712646,596.814209,645.8023071,828.3497925,1208.079956,64,76,103,71,122,118,102,118,187,294,328.9642639,374.7904053,487.2279968,325.1213379,540.468689,507.4613953,428.6975098,488.4914856,755.6166382,1153.167236,6,12,19,13,11,16,17,23,14,17,30.8404007,59.17743301,89.87701416,59.52926254,48.73078537,68.80832672,71.44958496,95.21443939,54.91272799,66.67974091,57,85,65,56,71,74,56,76,86,70,292.9837952,419.1734924,307.4739685,256.4337463,314.5350647,318.2384949,235.3633423,314.6216125,347.5028381,274.5636292,2,0,0,0,2,1,0,1,1,3,10.28013325,0,0,0,8.860142708,4.30052042,0,4.13975811,4.040730476,11.76701355,20,23,21,45,20,22,19,11,43,40,102.8013382,113.4234161,99.33774567,206.0628204,88.60142517,94.6114502,79.85542297,45.53734207,173.7514191,156.8935089,2,1,3,3,1,2,3,3,2,4,10.28013325,4.931452751,14.1911068,13.73752213,4.430071354,8.60104084,12.60875034,12.41927433,8.081460953,15.68935108,135,123,97,92,107,118,148,127,188,188,693.9089966,606.5687256,458.8457947,421.2839966,474.0176392,507.4613953,622.0316772,525.7492676,737.3994901,737.3994751,33,39,31,27,49,27,23,32,45,60,169.6222076,192.3266602,146.6414337,123.6376953,217.0735016,116.1140518,96.66708374,132.4722595,181.8328705,235.3402557
Caledonia-Fairbank,57,61,64,69,62,75,51,65,61,63,556.043335,596.4020386,625.3052979,669.1882324,593.869751,712.9277344,484.6526794,621.414917,581.2845459,595.4068604,11,4,11,7,11,9,10,9,25,33,107.3066025,39.10832977,107.47435,67.88866425,105.3639832,85.55133057,95.02993774,86.04206848,238.231369,311.8797913,3,1,5,3,3,0,4,3,2,9,29.26543808,9.777082443,48.8519783,29.09514046,28.73563194,0,38.01197433,28.68068886,18.90180512,85.05812073,28,19,13,10,9,9,10,10,6,14,273.1440735,185.7645721,127.0151443,96.9838028,86.20689392,85.55133057,95.02993774,95.60229492,57.17552948,132.3126373,0,0,0,0,0,0,0,0,0,1,0,0,0,0,0,0,0,0,0,9.450902939,14,9,15,9,9,16,7,3,4,4,136.5720367,87.9937439,146.5559387,87.28542328,86.20689392,152.0912476,66.52095032,28.68068886,38.11701965,37.80361176,0,1,0,1,2,0,2,2,0,2,0,9.777082443,0,9.69838047,19.15708733,0,19.00598717,19.1204586,0,18.90180588,17,11,12,21,21,22,19,20,24,10,165.8374786,107.547905,117.244751,203.6659851,201.1494293,209.125473,180.5568695,191.2045898,226.8216615,94.50902557,5,1,1,1,1,2,2,5,2,2,48.77573013,9.777082443,9.770395279,9.69838047,9.578543663,19.01140594,19.00598717,47.80114746,19.05850983,18.90180588
Rosedale-Moore Park,65,106,109,109,131,129,148,150,215,271,306.7484741,501.1109619,514.6850586,506.434967,597.87323,579.8013306,660.4489136,668.2407227,947.9299927,1175.552002,10,26,12,4,31,34,52,73,108,143,47.19207001,122.9140091,56.66257477,18.5847702,141.4814453,152.8158569,232.0496216,325.2105103,476.1694946,620.3096924,48,67,50,53,66,69,73,52,72,45,226.5219421,316.7399292,236.0940552,246.2481995,301.2185669,310.1263123,325.7619629,231.6567841,312.3237756,195.2023621,99,27,60,72,62,101,99,64,68,101,467.2015076,127.6414719,283.3128662,334.5258484,282.9628906,453.9529724,441.7867737,285.1160583,299.8104248,438.1208496,0,0,0,0,1,0,0,1,0,1,0,0,0,0,4.563917637,0,0,4.454938412,0,4.337830067,15,20,19,31,25,22,22,28,20,24,70.78810883,94.54924011,89.71574402,144.0319672,114.0979385,98.88085175,98.17484283,124.7382736,88.17953491,104.1079254,0,1,1,0,0,0,1,1,1,1,0,4.727461815,4.72188139,0,0,0,4.462492943,4.454938412,4.408976555,4.337830067,88,42,40,53,70,63,51,34,45,46,415.2902222,198.5533905,188.8752441,246.2481995,319.4742432,283.158783,227.5871277,151.4678955,195.2023598,199.5401917,7,9,9,10,11,14,10,8,13,23,33.03445053,42.54715729,42.49692917,46.46192551,50.20309448,62.92417526,44.62492752,35.63950729,57.31669617,99.77009583
Corso Italia-Davenport,72,84,70,89,91,93,85,114,99,147,499.7223816,582.524292,483.625824,611.3477173,618.6688232,628.293457,575.9978027,777.5731812,674.8466187,994.3181763,16,9,7,12,11,16,12,23,38,39,111.0494156,62.41331482,48.36257935,82.42890167,74.78414917,108.0934982,81.31734467,156.8787994,259.0320435,263.7987061,13,7,9,12,5,10,15,12,7,18,90.2276535,48.54368973,62.18046188,82.42890167,33.99279404,67.55844116,101.6466751,81.84980774,47.34848485,121.7532501,29,22,15,31,32,40,41,31,24,41,201.2770691,152.5658875,103.6341019,212.9413452,217.5538788,270.2337646,277.834259,211.4453278,163.5991821,277.3268433,0,1,0,0,0,0,1,0,0,1,0,6.934812546,0,0,0,0,6.776444912,0,0,6.76406908,19,16,29,30,18,32,12,1,11,19,131.8711853,110.9570007,200.3592682,206.0722656,122.374054,216.1869965,81.31734467,6.820816994,74.98295593,128.5173187,0,0,1,1,0,2,4,0,3,3,0,0,6.908940315,6.869075298,0,13.51168728,27.10577965,0,20.44989777,20.29220772,26,36,27,21,34,38,45,23,21,39,180.455307,249.6532593,186.5413818,144.2505798,231.151001,256.7220764,304.940033,156.8787994,142.0454545,263.7987061,2,4,2,3,5,5,6,4,3,12,13.88117695,27.73925018,13.81788063,20.60722542,33.99279404,33.77922058,40.65867233,27.28326797,20.44989777,81.16883087
Weston,174,151,183,179,156,191,204,204,242,243,937.5,819.3163452,997.1121826,960.5065308,823.0886841,992.7235107,1053.338135,1052.088745,1236.523438,1226.715088,55,36,40,42,55,46,78,60,97,106,296.3362122,195.3336945,217.9480133,225.3702545,290.1915283,239.0852356,402.7469482,309.4378662,495.6312866,535.1102905,7,5,6,11,13,8,10,6,6,11,37.71551895,27.12968063,32.69220352,59.02554321,68.59072113,41.58003998,51.63422394,30.94378471,30.28926246,55.5303154,33,54,44,75,38,58,24,36,46,61,177.8017273,293.0005493,239.7428284,402.4468689,200.4959564,301.4552917,123.9221344,185.6627197,235.0416412,307.9408264,0,0,3,1,1,2,3,0,2,1,0,0,16.34610176,5.365958214,5.276209354,10.39500999,15.4902668,0,10.21920204,5.048210621,35,45,42,46,42,25,27,25,32,36,188.5775909,244.1671143,228.8454132,246.8340912,221.6007996,129.9376373,139.4123993,128.9324341,163.5072327,181.7355804,3,6,13,8,8,13,5,4,5,4,16.16379356,32.55561447,70.83310699,42.92766571,42.20967484,67.56756592,25.81711197,20.62919044,25.54800415,20.19284248,75,63,93,84,73,71,88,70,86,60,404.0948181,341.8339539,506.7291565,450.740509,385.1632996,369.0228577,454.3811646,361.0108337,434.1460952,302.8926392,4,3,4,3,8,4,10,5,9,4,21.55172348,16.27780724,21.79480171,16.0978756,42.20967484,20.79001999,51.63422394,25.78648758,45.98640823,20.19284248
Kensington-Chinatown,327,372,370,420,435,381,394,380,381,482,1764.801147,2029.681396,2033.9729,2251.045166,2265.861084,1935.287231,1969.606079,1879.141479,1849.963623,2270.479004,24,28,30,30,23,43,57,25,36,50,129.5266876,152.7717133,164.9167175,160.7889404,119.8041458,218.4182434,284.9430237,123.6277313,174.7997131,235.5268707,92,104,128,144,142,119,99,107,89,137,496.51898190000003,567.4378052,703.6446533,771.7869263,739.6604004,604.4597778,494.9010315,529.126709,419.237835,645.3436279,103,99,80,106,240,278,174,97,104,145,555.885376,540.1571655,439.7779236,568.1209106,1250.130249,1412.099365,869.8260498,479.6755981,504.9769287,683.0279541,0,1,5,0,3,0,1,2,1,1,0,5.456132889,27.48612022,0,15.62662792,0,4.999000072,9.890218735,4.855547428,4.710537434,79,54,67,91,79,47,43,25,42,46,426.3586731,294.6311646,368.3139954,487.7264404,411.5011902,238.7362213,214.957016,123.6277313,203.9329987,216.6847229,2,4,9,9,7,4,6,9,5,5,10.79389095,21.82453156,49.47501373,48.23668289,36.4621315,20.317976,29.99400139,44.50598526,24.27773666,23.55268669,540,510,530,431,285,350,191,91,96,104,2914.350586,2782.627686,2913.528564,2310.000977,1484.529663,1777.822876,954.809021,450.0049438,452.2115973,489.8959045,19,36,20,27,27,36,26,21,21,29,102.5419617,196.4207764,109.9444809,144.7100372,140.6396484,182.8617859,129.973999,103.8472977,101.9664993,136.6055908
Moss Park,360,401,471,449,556,642,756,637,548,627,2052.802734,2195.575928,2476.861572,2297.145264,2760.812256,3103.248291,3582.768555,2980.5354,2516.531982,2823.434082,26,21,16,21,51,43,41,50,59,43,148.2579651,114.9802856,84.13967133,107.4388657,253.239975,207.8499603,194.3035889,233.9509583,270.9404907,193.6326447,100,103,117,140,135,108,107,95,90,99,570.2229614,563.9509277,615.2713623,716.2590942,670.3411255,522.041748,507.0849609,444.5068359,405.2776152,445.8053894,153,97,129,133,137,232,202,154,128,145,872.4411011,531.0994263,678.3760986,680.446106,680.2720947,1121.423096,957.3005981,720.5689697,587.8031006,652.9472656,1,1,2,3,4,3,2,1,3,7,5.7022295,5.475251675,10.51745892,15.3484087,19.86195946,14.50115967,9.478223801,4.679019451,13.77663517,31.52159309,123,136,124,99,160,140,136,88,66,56,701.3742676,744.6342773,652.0824585,506.4974976,794.4783936,676.7208252,644.5192261,411.7536926,303.085968,252.1727448,3,4,5,7,9,2,4,3,10,3,17.10668945,21.9010067,26.29364777,35.81295395,44.68940735,9.667440414,18.9564476,14.03705788,45.92211533,13.5092535,183,172,140,172,247,220,167,127,91,108,1043.508057,941.7433472,736.2221069,879.9754639,1226.475952,1063.418457,791.4317017,594.2354736,409.7806998,486.3331299,7,13,12,20,36,25,15,16,16,25,39.91560745,71.17827606,63.1047554,102.3227234,178.7576294,120.8430023,71.08667755,74.86431122,73.47538757,112.5771179
South Riverdale,211,203,232,240,299,256,218,230,302,339,772.0453491,734.0444946,827.1829224,844.0302734,1033.636353,872.7966919,738.7075806,779.3704224,1014.784973,1124.937744,20,23,27,37,41,38,39,48,77,81,73.17965698,83.16760254,96.26698303,130.1213226,141.7360992,129.5557556,132.1541138,162.6512146,258.7365723,268.7904358,70,90,129,114,135,72,112,94,52,85,256.1287842,325.438446,459.9422302,400.9143677,466.6920166,245.4740753,379.5195007,318.5252991,172.5568276,282.0640564,88,98,150,93,91,132,143,135,102,97,321.9904785,354.3663025,534.8165283,327.0617065,314.5849915,450.0357971,484.5650635,457.456543,342.7419434,321.8848572,1,0,3,5,2,0,0,2,1,1,3.658982754,0,10.69633102,17.58396339,6.913955688,0,0,6.777133942,3.360214949,3.318400621,60,43,49,66,39,36,35,30,42,44,219.5389709,155.4872589,174.7067413,232.1083221,134.8221436,122.7370377,118.5998459,101.6570129,141.1290283,146.0096283,2,0,7,9,4,6,3,2,6,3,7.317965508,0,24.95810509,31.65113449,13.82791138,20.45617294,10.16570091,6.777133942,20.16129112,9.955201149,214,150,150,122,165,156,137,124,80,91,783.0223389,542.3973999,534.8165283,429.0487061,570.4013672,531.8604736,464.2336731,420.182312,265.4720425,301.9744568,17,17,22,26,24,21,22,21,22,27,62.2027092,61.47170639,78.4397583,91.43660736,82.96746826,71.59660339,74.54847717,71.15990448,73.92472839,89.59681702
North Riverdale,49,65,51,66,55,73,35,54,76,80,400.6541443,536.6135254,423.6584167,545.0941772,451.1154785,595.7238159,286.8382263,445.7652283,628.6187134,657.4622192,12,10,7,10,11,21,14,15,31,27,98.11937714,82.55593109,58.14919281,82.59002686,90.22309875,171.3726196,114.7352905,123.8236771,256.4102478,221.8934937,27,25,30,27,49,38,36,17,21,15,220.7686005,206.3898315,249.2108307,222.9930573,401.90289309999997,310.1028137,295.0335999,140.3334961,172.5838264,123.2741623,43,51,41,28,34,43,34,32,29,32,351.5944519,421.0352478,340.5881348,231.2520599,278.8713989,350.9058228,278.6428528,264.1571655,239.8676605,262.9848633,0,0,1,1,0,0,0,1,0,1,0,0,8.307027817,8.259002686,0,0,0,8.254911423,0,8.218276978,20,34,31,24,18,22,15,5,9,9,163.5323029,280.690155,257.5178528,198.2160492,147.6378021,179.5332184,122.9306641,41.27455902,74.44168854,73.96450043,0,0,2,0,0,1,0,1,0,2,0,0,16.61405563,0,0,8.160600662,0,8.254911423,0,16.43655396,61,45,52,40,32,56,37,33,31,19,498.7734985,371.5016785,431.9654541,330.3601074,262.4671936,456.9936218,303.2289734,272.4120789,254.7666009,156.1472778,3,2,6,5,5,5,2,1,3,2,24.52984428,16.5111866,49.8421669,41.29501343,41.01049805,40.8030014,16.3907547,8.254911423,24.81389618,16.43655396
East End-Danforth,177,190,167,172,182,183,144,183,215,218,821.0028076,880.7713623,771.1488647,784.4210205,817.5733643,811.8539429,636.0424194,809.0900879,944.1834106,947.3729858,20,14,23,25,32,20,28,39,41,50,92.76868439,64.89894104,106.206131,114.0146866,143.7491608,88.727211,123.6749115,172.4290314,180.0535736,217.287384,40,46,51,38,45,31,49,42,45,27,185.5373688,213.2393799,235.5005493,173.3023224,202.1472473,137.5271759,216.4310913,185.6928101,195.5586459,117.3351898,80,90,77,63,79,62,61,67,69,44,371.0747375,417.207489,355.5596619,287.3170166,354.8807373,275.0543518,269.4346313,296.2242432,303.0169983,191.2128906,3,0,0,0,1,0,0,2,0,2,13.91530228,0,0,0,4.492161274,0,0,8.842514992,0,8.691494942,34,33,42,42,32,27,26,28,23,17,157.7067566,152.9760742,193.9416351,191.5446777,143.7491608,119.7817307,114.8409882,123.7952042,101.0056686,73.87770844,1,0,2,2,2,2,2,2,2,1,4.638433933,0,9.235316277,9.121174812,8.984322548,8.872720718,8.833922386,8.842514992,8.783101082,4.345747471,78,115,78,66,96,67,110,83,83,64,361.7978516,533.0984497,360.1773071,300.9987793,431.247467,297.236145,485.8657227,366.9643555,360.6970579,278.1278381,4,9,11,9,8,9,5,8,12,7,18.55373573,41.7207489,50.79423904,41.04528809,35.93729019,39.92724228,22.08480644,35.37005997,52.6986084,30.42023468
High Park-Swansea,88,123,97,97,84,103,78,87,101,106,375.442627,517.4589844,401.3571777,395.4019165,336.4036865,406.4078369,305.8463745,340.7755432,392.2025452,405.5863647,19,16,12,14,21,29,42,26,76,54,81.06147766,67.31173706,49.65243149,57.06831741,84.10092163,114.4255066,164.6865082,101.8409729,295.1227112,206.6194763,19,22,57,33,46,35,20,31,16,19,81.06147766,92.55364227,235.8490601,134.5181732,184.2210693,138.0997467,78.42214966,121.4257736,61.22058542,72.69944763,46,50,32,40,45,54,50,28,50,52,196.2541046,210.3491821,132.4064941,163.0523376,180.2162628,213.0681763,196.0553589,109.6748886,194.1596832,198.9669037,0,0,0,0,0,1,0,0,1,1,0,0,0,0,0,3.945707083,0,0,3.883193493,3.826286554,25,41,18,27,13,26,10,12,13,9,106.6598434,172.4863281,74.47865295,110.0603256,52.0624733,102.5883865,39.21107483,47.00352478,50.48151779,34.43658066,0,1,4,3,2,3,2,2,3,3,0,4.206983566,16.55081177,12.2289257,8.00961113,11.83712101,7.842214584,7.833920956,11.64958096,11.4788599,54,71,51,57,27,58,50,33,42,40,230.3852539,298.6958313,211.0228424,232.3495789,108.1297531,228.8510132,196.0553589,129.2596893,160.7040367,153.0514679,8,5,5,10,3,13,8,4,5,10,34.13114929,21.03491783,20.6885128,40.76308441,12.01441765,51.29419327,31.36885834,15.66784191,19.41596794,38.26286697
Don Valley Village,112,137,135,128,123,149,99,120,117,166,404.1862183,495.2821655,487.9812012,456.71875,432.2462769,517.4329834,342.4776001,415.5844116,402.3522034,564.1652832,50,28,28,29,26,21,36,34,69,161,180.4402771,101.2255554,101.2109146,103.4753418,91.369133,72.92679596,124.5373077,117.7489166,237.2846375,547.1723633,7,7,2,4,9,4,6,17,4,7,25.26163864,25.30638885,7.229351044,14.27246094,31.6277771,13.8908186,20.75621796,58.87445831,13.59434475,23.79010391,80,47,66,32,58,34,30,31,31,45,288.7044373,169.9143219,238.5685883,114.1796875,203.8234406,118.0719528,103.7810898,107.3593063,106.6061401,152.9363708,2,0,0,0,0,0,2,0,0,2,7.217610836,0,0,0,0,0,6.918739319,0,0,6.797172546,46,33,24,19,36,34,23,18,29,30,166.0050507,119.3015442,86.75221252,67.79418945,126.5111084,118.0719528,79.56550598,62.33766174,99.72832489,101.9575882,1,2,1,0,2,3,0,2,2,5,3.608805418,7.230396748,3.614675522,0,7.028394699,10.41811371,0,6.92640686,6.877815723,16.99293137,77,102,54,36,50,69,55,63,82,104,277.8780212,368.7502136,195.1924744,128.4521484,175.7098694,239.6166077,190.2653351,218.1818237,278.6840674,353.4529724,8,6,8,10,11,14,6,11,11,14,28.87044334,21.69118881,28.91740417,35.68115234,38.65616989,48.6178627,20.75621796,38.09523773,37.82798767,47.58020782
Banbury-Don Mills,60,78,83,107,74,75,80,87,108,132,217.2574921,282.1690979,299.3471985,378.265625,255.7368011,254.5220032,268.4924011,290.2418823,355.5789795,425.1618652,19,21,7,16,28,43,50,34,57,150,68.79820251,75.96859741,25.24614906,56.56308365,96.76527405,145.9259491,167.8077545,113.4278564,187.6666718,483.1384583,3,12,5,10,13,2,6,12,8,14,10.86287403,43.41062927,18.03296471,35.35192871,44.92673492,6.78725338,20.13693047,40.03335953,25.76738493,45.09292221,65,87,57,64,85,81,41,23,47,99,235.3622742,314.7270508,205.5757904,226.2523346,293.7517395,274.8837585,137.602356,76.73060608,154.7427063,318.8713989,0,0,0,0,0,0,0,0,0,1,0,0,0,0,0,0,0,0,0,3.220923185,12,29,24,11,8,13,7,3,20,24,43.45149612,104.9090195,86.55822754,38.88712311,27.64722061,44.11714935,23.49308586,10.00833988,65.8479538,77.30215454,0,0,2,1,0,2,1,2,3,4,0,0,7.213185787,3.535192728,0,6.78725338,3.356155157,6.672226906,9.877193451,12.88369274,74,41,50,59,64,58,49,41,52,65,267.9508972,148.3196411,180.3296356,208.5763702,221.1777649,196.83035279999999,164.4515991,136.7806549,167.4880021,209.3600006,10,14,11,5,8,16,7,8,12,14,36.20957947,50.64573288,39.67251968,17.67596436,27.64722061,54.29802704,23.49308586,26.68890762,39.5087738,45.09292221
Newtonbrook East,76,76,94,81,86,85,60,85,81,87,466.8878174,470.7631226,585.8887939,497.7264404,518.6346436,504.8105469,354.1703491,501.1496887,473.1861267,501.7879944,15,8,8,11,14,28,39,43,59,75,92.14891052,49.5540123,49.86287689,67.59247589,84.42890167,166.2905273,230.2107239,253.5227814,344.6664429,432.5758362,9,8,9,9,6,7,1,8,9,8,55.2893486,49.5540123,56.09573746,55.30293655,36.183815,41.57263184,5.902839184,47.16703033,51.9091014,46.14142227,36,50,42,56,64,53,38,27,38,36,221.1573944,309.7125854,261.7800903,344.1071777,385.9606934,314.7642212,224.3078918,159.1887207,221.9885559,207.6363983,0,1,1,0,1,0,0,0,0,1,0,6.194251537,6.232859612,0,6.030635834,0,0,0,0,5.767677784,8,8,10,19,7,10,15,9,9,20,49.14608765,49.5540123,62.32859802,116.7506485,42.21445084,59.38947678,88.54258728,53.06290817,52.57623672,115.3535614,0,0,2,0,1,0,1,1,4,1,0,0,12.46571922,0,6.030635834,0,5.902839184,5.895878792,23.36721611,5.767677784,22,33,26,39,34,58,46,33,46,43,135.1517334,204.4103088,162.0543518,239.6460571,205.0416107,344.4589539,271.5306091,194.5639954,265.3131849,248.0101471,1,6,5,9,4,9,10,8,9,15,6.143260956,37.16551208,31.16429901,55.30293655,24.12254333,53.45052719,59.02839279,47.16703033,52.57623672,86.51516724
Stonegate-Queensway,95,73,81,105,88,91,109,82,104,137,371.09375,285.7366638,316.3938904,406.1109924,335.8009644,344.0843811,411.5381775,310.8179932,392.3936157,512.571106,39,32,14,35,34,36,49,70,141,148,152.34375,125.254425,54.68536377,135.3703308,129.7412872,136.1212921,185.0034027,265.332428,531.9951782,553.7264404,10,20,12,8,12,11,13,5,10,7,39.0625,78.28401184,46.87316895,30.94179153,45.79103851,41.59262085,49.08253479,18.95231628,37.41394792,26.18976402,70,45,49,50,39,64,35,30,44,101,273.4375,176.1390381,191.3987732,193.3861847,148.8208771,241.9934235,132.1452789,113.7138977,166.0126801,377.8808594,0,0,0,0,0,0,0,1,0,2,0,0,0,0,0,0,0,3.790463209,0,7.482789516,23,15,16,26,27,24,20,19,7,18,89.84375,58.7130127,62.49755859,100.5608215,103.0298386,90.74753571,75.51158905,72.01879883,26.41110802,67.34510803,3,2,0,0,1,2,0,0,0,1,11.71875,7.828401566,0,0,3.815920115,7.562294483,0,0,0,3.741394758,95,61,52,58,79,73,98,59,107,69,371.09375,238.7662506,203.1170654,224.3279877,301.4576721,276.0237427,370.0068054,223.6373291,400.3292427,258.15625,8,8,4,6,8,4,5,7,9,11,31.25,31.31360626,15.62438965,23.2063427,30.52736092,15.12458897,18.87789726,26.53324318,33.95713806,41.1553421
Mount Olive-Silverstone-Jamestown,240,236,275,278,256,275,207,212,262,297,706.1523438,695.9598999,811.8800049,812.2479858,738.6888428,786.1185913,590.1639404,607.2062988,747.0133667,839.3150024,62,58,43,50,77,87,87,77,118,152,182.4226837,171.0409851,126.9485092,146.0877686,222.1837463,248.6993256,248.039917,220.5419006,336.4411316,429.5484009,7,5,13,9,3,5,10,6,8,11,20.59610939,14.7449131,38.37978363,26.29579926,8.656509399,14.29306507,28.51033592,17.18508339,22.607811,31.08574104,25,37,34,34,27,35,18,16,26,24,73.55753326,109.1123581,100.3778915,99.33968353,77.90858459,100.0514526,51.31860352,45.82688904,74.13109589,67.82343292,2,2,3,0,4,3,3,0,1,4,5.884603024,5.897965431,8.856872559,0,11.54201317,8.575839043,8.553100586,0,2.851196051,11.30390549,76,106,106,69,62,59,31,50,54,54,223.6149139,312.5921631,312.9428406,201.60112,178.9011993,168.6581726,88.38204193,143.2090302,153.9645844,152.6027222,6,11,7,9,17,15,18,10,6,16,17.65380859,32.43880844,20.66603661,26.29579926,49.05355453,42.87919617,51.31860352,28.64180565,17.10717583,45.21562195,110,62,98,69,79,110,96,83,84,121,323.6531677,182.8369141,289.3245239,201.60112,227.9547577,314.4474182,273.6992188,237.7269897,237.3820155,341.9431458,5,5,4,1,3,8,8,3,18,11,14.7115078,14.7449131,11.80916405,2.921755314,8.656509399,22.86890411,22.80826759,8.592541695,51.32152939,31.08574104
West Humber-Clairville,288,306,293,302,318,257,250,243,269,322,836.3097534,894.9985352,862.2973022,876.4801636,907.4306641,723.597168,699.9664307,680.8439331,747.5752563,884.9071045,309,266,323,329,506,486,407,496,775,829,897.2907104,778.005249,950.5870972,954.8409424,1443.899048,1368.358765,1139.545288,1389.706055,2153.794922,2278.223633,4,18,18,10,9,7,5,12,6,10,11.61541367,52.64697266,52.97389603,29.02252197,25.68199921,19.70887184,13.99932766,33.62192154,16.4889524,27.48158646,148,119,131,125,170,135,111,98,135,212,429.7702942,348.0549927,385.5322266,362.7815247,485.1044312,380.0996704,310.7850952,274.5790405,375.1771545,582.6096802,0,3,2,0,0,2,2,1,1,2,0,8.774495125,5.885988235,0,0,5.631106377,5.599731445,2.801826715,2.779090166,5.496317387,82,76,91,123,91,72,76,53,69,77,238.1159821,222.2872162,267.8124695,356.9770203,259.6735535,202.7198181,212.7897797,148.4968262,191.7572174,211.6082153,4,5,10,7,14,14,5,5,5,9,11.61541367,14.62415886,29.42994118,20.31576538,39.949775699999996,39.41774368,13.99932766,14.00913429,13.89545059,24.73342896,371,267,226,223,394,355,374,378,464,315,1077.32959,780.9301147,665.1166992,647.2022095,1124.300903,999.5213623,1047.14978,1059.090576,1275.145652,865.6699829,41,59,41,58,51,65,56,55,61,80,119.057991,172.5650787,120.6627655,168.3306274,145.5313263,183.0109558,156.7924805,154.1004791,169.5244904,219.8526917
Humber Summit,76,90,118,115,109,113,92,101,127,165,589.8789063,702.1376343,924.0407104,891.1274414,833.5882568,855.6716919,695.9678955,766.3126221,959.359436,1229.050293,69,41,63,83,108,134,110,134,174,131,535.5479736,319.8627014,493.3437805,643.1615601,825.9406738,1014.690308,832.1355591,1016.691956,1314.397949,975.7914429,7,3,6,3,2,7,1,2,2,4,54.33095169,23.40458679,46.98512268,23.24680328,15.29519749,53.00621033,7.564868927,15.17450714,14.89757914,29.79515839,54,44,41,40,56,59,25,41,55,90,419.1244812,343.2672729,321.0650024,309.9573669,428.2655334,446.7666321,189.1217194,311.0773926,415.4706116,670.3910522,0,1,0,2,1,3,0,1,0,2,0,7.801528931,0,15.49786949,7.647598743,22.71694756,0,7.587253571,0,14.89757919,22,22,23,27,31,28,26,14,30,25,170.754425,171.6336365,180.1096344,209.2212372,237.0755615,212.0248413,196.6865845,106.22155,226.6203308,186.2197418,1,6,16,9,5,9,5,4,7,6,7.761564732,46.80917358,125.2936554,69.74040985,38.23799515,68.15084076,37.82434464,30.34901428,52.87807846,44.69273758,71,62,67,84,81,68,92,86,84,88,551.071106,483.6947937,524.6671753,650.9105225,619.4555054,514.9174805,695.9678955,652.5037842,625.698324,655.4934692,15,16,18,19,15,22,21,29,23,42,116.4234695,124.8244629,140.955368,147.2297516,114.7139816,166.5909424,158.8622437,220.0303497,173.7422638,312.8491516
